epoch,train_loss,val_loss,train_precision_micro,train_recall_micro,train_f1_micro,train_precision_macro,train_recall_macro,train_f1_macro,val_precision_micro,val_recall_micro,val_f1_micro,val_precision_macro,val_recall_macro,val_f1_macro
1,0.06302905762416997,0.04573365581360614,0.8034369970406521,0.5522052526405937,0.6545416093898698,0.5902014495638673,0.3349885038670419,0.39939808457339415,0.7771030805687204,0.7417302798982188,0.7590047736149282,0.6153063445307314,0.47656616820969533,0.5035652200001325
2,0.047379076821714494,0.042268810980517955,0.8181289167412713,0.6521909791607193,0.7257962036375188,0.6222512735171963,0.4170567836986013,0.47493380167880517,0.8106301718650541,0.7201017811704835,0.7626890253031892,0.6301768253130288,0.4745374209705278,0.5121986938276663
3,0.04165666352402165,0.04123250526805113,0.8269641287514127,0.7050028546959749,0.7611287681787537,0.7211935667819507,0.4936434431822061,0.556720042535711,0.7870099473376243,0.7605315238903025,0.7735442127965493,0.6638966075035723,0.5708239373999434,0.60261756247547
