epoch,train_loss,val_loss,train_precision_micro,train_recall_micro,train_f1_micro,train_precision_macro,train_recall_macro,train_f1_macro,train_roc_auc_class_0,train_roc_auc_class_1,train_roc_auc_class_2,train_roc_auc_class_3,train_roc_auc_class_4,train_roc_auc_class_5,val_precision_micro,val_recall_micro,val_f1_micro,val_precision_macro,val_recall_macro,val_f1_macro,val_roc_auc_class_0,val_roc_auc_class_1,val_roc_auc_class_2,val_roc_auc_class_3,val_roc_auc_class_4,val_roc_auc_class_5
1,0.06963680684566498,0.03976174565010242,0.8135602233448551,0.5459249214958607,0.6533985350957741,0.6140396686498014,0.33618917390388026,0.4097658304207281,0.7963316347581121,0.5543792784861035,0.8141479922648512,0.511995083157968,0.7641833929456521,0.5528563734528631,0.8299077520634407,0.7249081142210914,0.7738625216932016,0.7974219072034147,0.4834007554057456,0.5322968748100084,0.8797248195278397,0.5851000535020155,0.9082318073870985,0.5067567567567568,0.8614074903241565,0.6913862569157198
2,0.0542495958507061,0.037940243893973456,0.8353168089297439,0.726341707108193,0.7770270270270271,0.7457554960701812,0.5268910593795443,0.5957102913175522,0.8813562839187509,0.6090711187921871,0.9054786244588999,0.6087458551348474,0.8574502490539448,0.7018011004659871,0.8008094825093958,0.783149561775516,0.7918810748999427,0.7206364102267594,0.5979985403927984,0.6379930804561698,0.9019893664248397,0.6347543807856573,0.9247808101480897,0.6888280196279318,0.8985598215377829,0.7220143140903305
3,0.04717027395963669,0.03812219600794536,0.8460403153765488,0.7772980302597773,0.8102136839560358,0.7627070198310643,0.623566106925357,0.6791124581829259,0.9044635284709447,0.6652418188001062,0.92093109255372,0.7261865120261879,0.8825767518484195,0.754783918149042,0.7867718278677183,0.8037885213457733,0.7951891476120552,0.6840651982996002,0.6608704063336416,0.6672605949996667,0.9098888616053247,0.680818669580584,0.9331399030757054,0.7764146090753296,0.8977661940152964,0.7588442258406161
