epoch,train_loss,val_loss,train_precision_micro,train_recall_micro,train_f1_micro,train_precision_macro,train_recall_macro,train_f1_macro,val_precision_micro,val_recall_micro,val_f1_micro,val_precision_macro,val_recall_macro,val_f1_macro
1,0.06206429489200354,0.04530734757870613,0.7813236541906289,0.5914573222951756,0.6732604898655511,0.5176717905108884,0.3494757554525923,0.3930207091100073,0.8002233923727461,0.7089341249646594,0.7518177048197288,0.5011965185691741,0.41060172648290844,0.42506755788470657
2,0.043320849383198155,0.04283728983765585,0.8228427461683813,0.6992577790465315,0.7560331024904029,0.708985377944582,0.4702537699440181,0.5297437999289965,0.8367101648351648,0.6888606163415324,0.7556210265157389,0.7080262144378371,0.5395161610561768,0.6059547479652555
3,0.038258083818435394,0.043145096231380915,0.8310403089548636,0.737153868113046,0.7812866381755607,0.7255200822884135,0.5476983051901593,0.6102356636255281,0.7367682693533988,0.8166525303929885,0.7746563861884009,0.5930141253392877,0.703335120354045,0.6413652677068505
