epoch,train_loss,val_loss,train_precision_micro,train_recall_micro,train_f1_micro,train_precision_macro,train_recall_macro,train_f1_macro,train_roc_auc_class_0,train_roc_auc_class_1,train_roc_auc_class_2,train_roc_auc_class_3,train_roc_auc_class_4,train_roc_auc_class_5,val_precision_micro,val_recall_micro,val_f1_micro,val_precision_macro,val_recall_macro,val_f1_macro,val_roc_auc_class_0,val_roc_auc_class_1,val_roc_auc_class_2,val_roc_auc_class_3,val_roc_auc_class_4,val_roc_auc_class_5
1,0.08505300432443619,0.042920302955099944,0.5684565443523799,0.5655152726234656,0.5669820939842226,0.3977655990769431,0.3372221624084885,0.34421272143856485,0.8019309993284068,0.5627148586894243,0.8221333720589395,0.4964467762938029,0.7786066290668291,0.5008645275692595,0.8081845473218517,0.7230703986429178,0.7632619562784452,0.6631170578116178,0.4283306942567635,0.44711189338302076,0.8864020422730559,0.5958452223962237,0.9221605236228836,0.5,0.8585256857190845,0.5017006802721088
2,0.06287867575883865,0.03880636188149671,0.8300709918338873,0.7218098772480731,0.7721642204111238,0.7476063111191859,0.46779042965866197,0.5183344140658099,0.8882443990091198,0.6413766465271341,0.9055900907594245,0.5160733912009615,0.8532170966188888,0.5815367608928937,0.8087537091988131,0.770568278201866,0.7891993629651078,0.7117434005184388,0.5894570027097958,0.632057311850127,0.8899804342979015,0.6808503211599979,0.9344817349834921,0.634946698842305,0.8799708864880564,0.7266736111604124
3,0.053347062319517136,0.03867136592294596,0.8428331445091222,0.7698401370254068,0.8046847317282407,0.7504126390016199,0.5803663449027404,0.6412816892828642,0.9071255084231398,0.6592915449676789,0.9186421104173245,0.6445780028315221,0.8749193600596804,0.7197515326774897,0.7847820049986115,0.7989821882951654,0.791818436536845,0.6636371250688092,0.669466220431124,0.6658899234327795,0.9040162992789096,0.7204150419348916,0.9263479620798177,0.7629482046350234,0.898770604247585,0.7701481212326177
